Date,Open,High,Low,Close,Volume
2024-02-21 22:34:40.194938,30000.0,30651.86407118561,30400.945263130936,30462.042737710108,2784743.1119682905
2024-02-22 22:34:40.194938,30462.042737710108,30519.511780079127,30002.297371787143,30350.919367537674,8021256.81733786
2024-02-23 22:34:40.194938,30350.919367537674,31153.14160043887,30641.376998148713,30955.83310507662,3667553.5114027783
2024-02-24 22:34:40.194938,30955.83310507662,32770.78221778956,32365.735305328748,32385.710763099625,4192767.3720743437
2024-02-25 22:34:40.194938,32385.710763099625,32631.44573142655,32036.437748708744,32174.40691444137,4560588.024997673
2024-02-26 22:34:40.194938,32174.40691444137,32146.93377138914,31742.949860998073,31964.49758610083,4036115.61227686
2024-02-27 22:34:40.194938,31964.49758610083,33773.638347206615,33435.74334132277,33494.84216177065,4972683.789604741
2024-02-28 22:34:40.194938,33494.84216177065,34444.35691894058,34156.915526680306,34282.74273652467,2400946.053793127
2024-02-29 22:34:40.194938,34282.74273652467,34003.783496901095,33537.171520493976,33817.03802006106,2472768.974534217
2024-03-01 22:34:40.194938,33817.03802006106,34602.00942749575,34354.75970785836,34384.37974773446,1885913.5125477395
2024-03-02 22:34:40.194938,34384.37974773446,33992.380715950494,33559.83451120928,33923.54203966385,4072430.7511951188
2024-03-03 22:34:40.194938,33923.54203966385,33973.79464893011,32488.853154965636,33466.5277244528,4825709.1292842105
2024-03-04 22:34:40.194938,33466.5277244528,34248.10464641833,33578.955110951945,33726.190100404114,4109806.204109591
2024-03-05 22:34:40.194938,33726.190100404114,32378.442425083045,31519.70702196902,31807.22359805402,7551420.254204129
2024-03-06 22:34:40.194938,31807.22359805402,30362.10415138469,29464.115377494072,30177.18179424266,3259883.415495537
2024-03-07 22:34:40.194938,30177.18179424266,29798.3051132407,29383.50218071072,29683.222795423568,4567017.060650058
2024-03-08 22:34:40.194938,29683.222795423568,28878.459855700145,28617.84911480181,28796.141652850525,1893901.5319886715
2024-03-09 22:34:40.194938,28796.141652850525,29179.279812073448,28483.65194388295,29082.01304478027,2693764.3198207393
2024-03-10 22:34:40.194938,29082.01304478027,28490.73561449919,28298.453489510783,28304.33901102419,4628617.932412309
2024-03-11 22:34:40.194938,28304.33901102419,27664.41412356999,26921.832476710682,27119.261498056152,4998013.319660443
2024-03-12 22:34:40.194938,27119.261498056152,28375.36122340391,28273.434638864852,28325.24049566581,2822169.648988597
2024-03-13 22:34:40.194938,28325.24049566581,28372.249176321435,27760.55407456834,28147.548075628554,3154057.8056723936
2024-03-14 22:34:40.194938,28147.548075628554,28607.86964010568,28036.362116313856,28218.644451303793,1530435.8570055407
2024-03-15 22:34:40.194938,28218.644451303793,27224.165582166923,26810.625312650584,27026.61989854752,2734571.748281188
2024-03-16 22:34:40.194938,27026.61989854752,26607.559819431324,26470.34472407597,26598.748459244463,5102246.963572722
2024-03-17 22:34:40.194938,26598.748459244463,27179.716892543376,26446.015819290795,26700.559895338305,4358343.047224216
2024-03-18 22:34:40.194938,26700.559895338305,25925.447008184878,25760.30592627618,25791.94498669256,4198898.809620228
2024-03-19 22:34:40.194938,25791.94498669256,26153.939113224205,25671.57181369503,26095.540437809334,3351393.6881190003
2024-03-20 22:34:40.194938,26095.540437809334,25642.579033998376,25555.536216893393,25638.36847138957,3280582.57629928
2024-03-21 22:34:40.194938,25638.36847138957,25729.001850934394,25362.665601723413,25426.831100485222,2349796.837518318
2024-03-22 22:34:40.194938,25426.831100485222,25611.80160833526,24907.663655628236,24980.559743999405,4636239.810995644
2024-03-23 22:34:40.194938,24980.559743999405,26521.22783744114,25968.790243425236,26381.178399390374,4034877.388334774
2024-03-24 22:34:40.194938,26381.178399390374,26512.81897740657,26150.68989000744,26383.68680777882,4180784.3230658737
2024-03-25 22:34:40.194938,26383.68680777882,25826.57350998977,25539.79428903512,25559.689234700592,2512986.837293499
2024-03-26 22:34:40.194938,25559.689234700592,26381.866164140734,26155.897356772868,26203.188849366194,1113844.9872088379
2024-03-27 22:34:40.194938,26203.188849366194,25723.005850094825,24450.120438332306,25256.59054231867,5657973.549099669
2024-03-28 22:34:40.194938,25256.59054231867,25575.95249582917,25351.508987522073,25427.474306536787,2572995.319027481
2024-03-29 22:34:40.194938,25427.474306536787,24031.33777603946,23765.28553812959,23945.304191962834,2123576.2121750508
2024-03-30 22:34:40.194938,23945.304191962834,23139.03156431702,22905.0865453995,23003.16227512699,4623855.579118501
2024-03-31 22:34:40.194938,23003.16227512699,23407.18739341353,22884.64566822293,23150.516784895943,2687155.2927811523
2024-04-01 22:34:40.194938,23150.516784895943,23869.217430155146,23648.151797895618,23674.96853194644,5553662.577948893
2024-04-02 22:34:40.194938,23674.96853194644,23929.29461619335,23466.087473492007,23808.520176148802,4450393.044231074
2024-04-03 22:34:40.194938,23808.520176148802,23991.027341457808,23519.617074016456,23737.822002299552,4601001.989761002
2024-04-04 22:34:40.194938,23737.822002299552,23810.461345808824,23378.015057387496,23535.264535396705,1651215.3399344923
2024-04-05 22:34:40.194938,23535.264535396705,22814.13874061272,22081.5597238373,22503.109982723447,5992216.845499572
2024-04-06 22:34:40.194938,22503.109982723447,22171.299941824334,21790.48223286083,22028.39953595683,3725178.26719924
2024-04-07 22:34:40.194938,22028.39953595683,21771.322803308427,21637.7742764406,21734.999689071174,2717876.4878726415
2024-04-08 22:34:40.194938,21734.999689071174,22468.0791824218,22147.765608540474,22435.163726661063,3511992.975775168
2024-04-09 22:34:40.194938,22435.163726661063,22951.26323052339,22662.267247332675,22677.655286102705,1344970.158187626
2024-04-10 22:34:40.194938,22677.655286102705,21665.101370374417,21306.288418941564,21489.545606779564,4010098.673108903
2024-04-11 22:34:40.194938,21489.545606779564,21789.259007189263,21603.991169044602,21709.222896805022,1953853.717945112
2024-04-12 22:34:40.194938,21709.222896805022,21553.72941687191,21287.575696137013,21469.282396478393,1662220.400267838
2024-04-13 22:34:40.194938,21469.282396478393,21050.075218183116,20908.597355125912,21044.026150127902,1527007.3642658233
2024-04-14 22:34:40.194938,21044.026150127902,21714.821301161843,21219.881183913316,21440.712117736377,5702094.876596594
2024-04-15 22:34:40.194938,21440.712117736377,22156.8541743254,22040.559188982417,22114.593392456023,2386571.32812286
2024-04-16 22:34:40.194938,22114.593392456023,22754.05841920871,22651.693347584856,22743.497124214235,7038205.921482084
2024-04-17 22:34:40.194938,22743.497124214235,22483.91354801355,21970.398795772988,22182.266632996212,2500745.0575886634
2024-04-18 22:34:40.194938,22182.266632996212,22151.66997605917,21894.44761295361,21987.586825292095,1392095.9139514794
2024-04-19 22:34:40.194938,21987.586825292095,22360.498931211114,21758.858081773004,22217.09112250564,1870540.1175213035
2024-04-20 22:34:40.194938,22217.09112250564,23373.331265625337,22634.17832941466,22878.41291756871,6064155.262819134
2024-04-21 22:34:40.194938,22878.41291756871,22630.40749630064,22555.50559754934,22560.96974184092,3023878.7241562353
2024-04-22 22:34:40.194938,22560.96974184092,22495.782607420908,22129.595460375225,22446.590830067435,2485181.745236777
2024-04-23 22:34:40.194938,22446.590830067435,21766.95887809577,21695.518286510334,21712.81067100727,3541316.5152135068
2024-04-24 22:34:40.194938,21712.81067100727,21274.866174587598,20849.729931694546,20944.476837780723,4201244.580652817
2024-04-25 22:34:40.194938,20944.476837780723,21485.94257426052,21237.438980348543,21465.486924216635,5715540.39445763
2024-04-26 22:34:40.194938,21465.486924216635,22411.950413367187,22253.86536444134,22349.59024566033,6744578.904735253
2024-04-27 22:34:40.194938,22349.59024566033,22448.11994569319,22270.726606881737,22312.483139457338,2730828.707902163
2024-04-28 22:34:40.194938,22312.483139457338,23038.29018152179,22768.706361415676,22995.378706950265,1684494.6350954263
2024-04-29 22:34:40.194938,22995.378706950265,23360.17930356579,22980.21240004582,23256.35511680513,2658486.1958060428
2024-04-30 22:34:40.194938,23256.35511680513,22862.176510850637,22227.005506741985,22817.88927118465,3723371.9479039935
2024-05-01 22:34:40.194938,22817.88927118465,23324.445399012162,22942.92663135019,23076.68676310775,2019015.424410751
2024-05-02 22:34:40.194938,23076.68676310775,24400.943078799293,24074.319135878417,24153.008748725533,2025697.2951870584
2024-05-03 22:34:40.194938,24153.008748725533,24171.223771274177,24092.203382431275,24139.12605401825,3882127.712384601
2024-05-04 22:34:40.194938,24139.12605401825,25461.289964050688,25194.974012800736,25284.26953016468,3190454.1270790594
2024-05-05 22:34:40.194938,25284.26953016468,23588.32394369238,23230.861649190727,23309.76142556573,3323066.295737704
2024-05-06 22:34:40.194938,23309.76142556573,24260.15012916929,23825.577231210933,23896.166845040356,2237237.340791291
2024-05-07 22:34:40.194938,23896.166845040356,24104.494126584454,23930.136698364837,23970.517666442607,2913307.6493061683
2024-05-08 22:34:40.194938,23970.517666442607,23857.135860843526,23454.322337601065,23767.48209597368,2059313.9017066148
2024-05-09 22:34:40.194938,23767.48209597368,24218.08948762955,23604.785519088487,23844.793515424273,5101775.65916851
2024-05-10 22:34:40.194938,23844.793515424273,22449.67182019026,22179.189948772888,22434.920801191958,5485532.156765543
2024-05-11 22:34:40.194938,22434.920801191958,22422.08861229175,22004.59450025081,22298.288619416067,1298741.2302012455
2024-05-12 22:34:40.194938,22298.288619416067,22972.497200711885,22521.70526097847,22548.327739401502,2053886.8286075767
2024-05-13 22:34:40.194938,22548.327739401502,23900.465354888165,23059.4284308346,23559.323081819446,1546856.5114208206
2024-05-14 22:34:40.194938,23559.323081819446,23715.028399817144,23063.756002161517,23204.799877880538,2361926.205321671
2024-05-15 22:34:40.194938,23204.799877880538,22753.253310506945,22359.75868668596,22653.574310088985,3135442.9536696873
2024-05-16 22:34:40.194938,22653.574310088985,22435.981483045543,22318.79833893726,22323.903383070443,1583546.3104353861
2024-05-17 22:34:40.194938,22323.903383070443,23182.47957918988,22718.804654462532,22948.125787729154,2061759.0691257329
2024-05-18 22:34:40.194938,22948.125787729154,23350.165510408067,23068.88976289043,23185.926505142797,1978839.8843498472
2024-05-19 22:34:40.194938,23185.926505142797,22884.687372068292,22637.124635576918,22829.03003389861,3625974.5977925863
2024-05-20 22:34:40.194938,22829.03003389861,23322.787405246247,23065.168212431716,23191.966478294562,3384349.141262546
2024-05-21 22:34:40.194938,23191.966478294562,23569.04602108381,23215.50289987075,23271.105039641952,2278735.4578759656
2024-05-22 22:34:40.194938,23271.105039641952,24168.015681484587,23871.096370488554,23958.98377178619,3571193.587346997
2024-05-23 22:34:40.194938,23958.98377178619,23618.92738017024,23374.417569066634,23466.348903177888,2487179.654736688
2024-05-24 22:34:40.194938,23466.348903177888,23270.466870711836,23032.974562839256,23247.411049996655,2853829.8148270324
2024-05-25 22:34:40.194938,23247.411049996655,23410.029808347696,22614.26646696237,22985.5697731641,7547493.241866895
2024-05-26 22:34:40.194938,22985.5697731641,22223.15966539098,21916.999401057397,21987.870809419903,6389908.620723295
2024-05-27 22:34:40.194938,21987.870809419903,22532.77442892014,21924.057824381118,22194.196376708976,1706934.076522676
2024-05-28 22:34:40.194938,22194.196376708976,22533.95370800473,22038.653828777577,22379.110834175404,4949841.970776439
2024-05-29 22:34:40.194938,22379.110834175404,22403.941838963998,22170.17434666718,22393.733427980915,4904669.542958063
2024-05-30 22:34:40.194938,22393.733427980915,22301.468377577,22151.307839510548,22247.331842781783,1841090.018647737
2024-05-31 22:34:40.194938,22247.331842781783,21365.225423538126,21227.758571685463,21313.80883133438,4922803.8870301945
2024-06-01 22:34:40.194938,21313.80883133438,21129.6261367941,21050.40461020385,21055.499115893574,7053016.525310929
2024-06-02 22:34:40.194938,21055.499115893574,21110.486398784175,20661.12837331455,20849.546109459523,1864917.9153565436
2024-06-03 22:34:40.194938,20849.546109459523,20652.08124521978,20292.123801964735,20358.15737499803,2066255.4990744388
2024-06-04 22:34:40.194938,20358.15737499803,20286.483962565228,20030.842671123042,20269.832056672476,5437504.236046195
2024-06-05 22:34:40.194938,20269.832056672476,20755.00069890848,20281.88913169672,20525.66826300037,3744309.038145168
2024-06-06 22:34:40.194938,20525.66826300037,21771.750327615875,21596.578062698034,21697.387879849743,4306939.588647872
2024-06-07 22:34:40.194938,21697.387879849743,21921.545157029286,21777.976244665337,21821.873049396512,3875923.8614079184
2024-06-08 22:34:40.194938,21821.873049396512,22126.74767062034,21939.063671711134,22001.390943826445,3974255.3709678426
2024-06-09 22:34:40.194938,22001.390943826445,22061.585597628953,21906.39027080551,21963.254228390084,1684137.1876968448
2024-06-10 22:34:40.194938,21963.254228390084,20843.06969496155,20588.457991606218,20709.962055272383,5518732.946958148
2024-06-11 22:34:40.194938,20709.962055272383,20979.029661968332,20605.520683468436,20703.843995665273,5866653.905939095
2024-06-12 22:34:40.194938,20703.843995665273,20792.38712227319,20570.79764305492,20751.605823776463,2914779.197693804
2024-06-13 22:34:40.194938,20751.605823776463,22453.54421718449,21995.376031963624,22295.468507692985,3198720.759198542
2024-06-14 22:34:40.194938,22295.468507692985,22197.854446994992,22149.92450333939,22177.952906975224,1520342.5795672256
2024-06-15 22:34:40.194938,22177.952906975224,22712.11050102208,21955.553104218598,22389.672966153666,4227525.442245533
2024-06-16 22:34:40.194938,22389.672966153666,22528.912288274707,22153.702582671882,22377.552247483436,4351489.337294876
2024-06-17 22:34:40.194938,22377.552247483436,21993.254756320082,21457.755189157844,21604.176408187654,3168929.816386859
2024-06-18 22:34:40.194938,21604.176408187654,22364.64844630726,22240.783319604667,22355.670867034267,5735449.477532468
2024-06-19 22:34:40.194938,22355.670867034267,23198.382411458908,22830.075309618427,22871.147724251678,2766134.412342366
2024-06-20 22:34:40.194938,22871.147724251678,23455.346445190407,23343.20126925725,23425.337553576523,4335306.906104887
2024-06-21 22:34:40.194938,23425.337553576523,22953.234925092074,22686.444249303968,22797.96897948667,1963359.9635670418
2024-06-22 22:34:40.194938,22797.96897948667,23968.60463128429,23617.928162472224,23768.79379953606,3230746.957201746
2024-06-23 22:34:40.194938,23768.79379953606,22929.74364954558,22528.267445037913,22781.068930960722,2996102.607055294
2024-06-24 22:34:40.194938,22781.068930960722,23297.02213971519,23098.484983159407,23193.53642262082,3658829.9227258633
2024-06-25 22:34:40.194938,23193.53642262082,25196.535106251908,24669.604314915992,24729.265561012882,2717537.06044652
2024-06-26 22:34:40.194938,24729.265561012882,24115.357270698067,23845.30987632911,24006.77311883379,3061035.1534501393
2024-06-27 22:34:40.194938,24006.77311883379,24183.227452148916,23162.34733392199,23610.92707202467,4940729.674873745
2024-06-28 22:34:40.194938,23610.92707202467,24068.597507595652,23661.893033176926,23693.318368972043,2627695.7551159468
2024-06-29 22:34:40.194938,23693.318368972043,23524.83101039893,23119.768529959892,23347.294759236487,1464041.689643895
2024-06-30 22:34:40.194938,23347.294759236487,22447.874646851677,22026.276053795016,22272.854520692006,7840333.675745306
2024-07-01 22:34:40.194938,22272.854520692006,22424.807581408873,22302.922865198965,22329.803742853164,6522230.909065801
2024-07-02 22:34:40.194938,22329.803742853164,21838.48817634995,21159.403609500227,21629.337641440354,1713191.6528368122
2024-07-03 22:34:40.194938,21629.337641440354,21957.928457246904,21761.469519422873,21947.457027860233,4615145.2672729455
2024-07-04 22:34:40.194938,21947.457027860233,21353.82929257256,21238.75109127852,21353.060040237575,2542129.350400581
2024-07-05 22:34:40.194938,21353.060040237575,22615.582939804375,22336.37166800774,22356.611842520775,3729346.6210822575
2024-07-06 22:34:40.194938,22356.611842520775,22170.842678132052,21769.95077113053,21842.463453507902,3787103.604734782
2024-07-07 22:34:40.194938,21842.463453507902,21832.227962473877,21601.11757814319,21642.346178309544,2907476.5553719834
2024-07-08 22:34:40.194938,21642.346178309544,22230.372847451592,22023.993927103245,22181.35998860858,2209147.311644914
2024-07-09 22:34:40.194938,22181.35998860858,21379.129747035015,21280.305162256765,21373.38333360426,2314558.4057288836
2024-07-10 22:34:40.194938,21373.38333360426,21574.78232353413,21419.44642059016,21529.91767653098,2067610.2759052326
2024-07-11 22:34:40.194938,21529.91767653098,22842.00450516477,22326.863484587724,22384.962912104485,2156697.9775441033
2024-07-12 22:34:40.194938,22384.962912104485,21369.341757935716,21159.16215814562,21316.651815936053,3161037.501623346
2024-07-13 22:34:40.194938,21316.651815936053,21591.637548910367,21313.4154957769,21445.383412116997,2285556.2895657346
2024-07-14 22:34:40.194938,21445.383412116997,21839.888035332406,21421.03192804938,21623.30468876915,4597512.8610447
2024-07-15 22:34:40.194938,21623.30468876915,22203.52338082607,21900.833779849934,22141.28416618621,6876518.691253668
2024-07-16 22:34:40.194938,22141.28416618621,21714.18405287856,21216.399606737472,21330.724492595775,2446021.485968049
2024-07-17 22:34:40.194938,21330.724492595775,20627.75069072027,20330.778201906964,20496.40096829827,3684709.5106001636
2024-07-18 22:34:40.194938,20496.40096829827,20946.549677430383,20751.089792822306,20827.586877109574,4196840.570899746
2024-07-19 22:34:40.194938,20827.586877109574,21143.942205640917,20637.113154891933,21023.564893036153,4139150.5163491
2024-07-20 22:34:40.194938,21023.564893036153,21488.61655961289,21144.70720174206,21192.064256317313,3395554.4996454744
2024-07-21 22:34:40.194938,21192.064256317313,21621.00239369458,21348.08501612831,21422.918869959853,4739021.364550776
2024-07-22 22:34:40.194938,21422.918869959853,21009.107238633358,20992.509441771428,20996.586896196543,4160411.2117905854
2024-07-23 22:34:40.194938,20996.586896196543,21290.230240631565,21089.24846237827,21153.381237676764,1760606.2868099604
2024-07-24 22:34:40.194938,21153.381237676764,21499.012414505993,21179.15500780776,21349.942141034277,5048380.376039136
2024-07-25 22:34:40.194938,21349.942141034277,20985.32681902925,20565.217629585597,20903.07626880793,5094364.153081098
2024-07-26 22:34:40.194938,20903.07626880793,22281.23097246796,21850.850229171716,22083.540614148038,2231884.709971544
2024-07-27 22:34:40.194938,22083.540614148038,22550.832111953365,22169.221027204152,22408.499641053386,3331618.9591250247
2024-07-28 22:34:40.194938,22408.499641053386,21845.74533720976,21413.398653734617,21618.844171190376,4600449.142678227
2024-07-29 22:34:40.194938,21618.844171190376,22173.520147461215,21678.187653099034,22055.471497928596,2944186.453485116
2024-07-30 22:34:40.194938,22055.471497928596,21703.79403987519,21399.212639206184,21421.587319759994,5589995.409224019
2024-07-31 22:34:40.194938,21421.587319759994,21981.465791243074,21901.079854695632,21938.116160433103,10659224.732870843
2024-08-01 22:34:40.194938,21938.116160433103,23182.9324512567,22695.69737814348,22711.607350370185,2206696.113588398
2024-08-02 22:34:40.194938,22711.607350370185,22316.542876262527,21906.276418219582,22163.7927168315,1638804.7095381906
2024-08-03 22:34:40.194938,22163.7927168315,23211.504400566686,22603.8570111819,22815.436678297356,3805314.8711631633
2024-08-04 22:34:40.194938,22815.436678297356,23155.113660130875,23054.292121089522,23109.37770965236,4689240.807393151
2024-08-05 22:34:40.194938,23109.37770965236,23845.177831600955,23459.818739684157,23690.851360628283,2912629.4233707055
2024-08-06 22:34:40.194938,23690.851360628283,25172.01325791144,24925.267926423516,25050.796004726722,6760654.96514286
2024-08-07 22:34:40.194938,25050.796004726722,24958.605280526095,24831.74054075467,24878.906373649923,1673950.7350837488
2024-08-08 22:34:40.194938,24878.906373649923,24431.976290854025,24085.23956252395,24328.781882932228,4622560.413106397
2024-08-09 22:34:40.194938,24328.781882932228,23815.590929047492,23051.279912456168,23691.722197671286,2414661.306844797
2024-08-10 22:34:40.194938,23691.722197671286,23256.390376927702,22966.979484143645,23123.729539647997,7722810.831696799
2024-08-11 22:34:40.194938,23123.729539647997,23087.426511653786,22930.832558209546,23081.805032151733,8852917.968401259
2024-08-12 22:34:40.194938,23081.805032151733,23829.360670788214,22902.499105519306,23329.57803573935,2228126.612101444
2024-08-13 22:34:40.194938,23329.57803573935,23941.470687435063,23414.584216477153,23534.895212599444,2483604.3551773136
2024-08-14 22:34:40.194938,23534.895212599444,24235.980717147624,23799.21946928034,24130.692792836155,5024286.156900433
2024-08-15 22:34:40.194938,24130.692792836155,24161.349143826646,24118.973679417795,24152.170478991517,2693722.637756603
2024-08-16 22:34:40.194938,24152.170478991517,25247.695460857933,24977.136209088112,25217.426649086832,3195628.6628833357
2024-08-17 22:34:40.194938,25217.426649086832,25183.37885639485,24626.266145650297,25029.816434030643,3310779.474023457
2024-08-18 22:34:40.194938,25029.816434030643,27361.913644949236,26728.7482379067,27084.891389525106,1251888.065260303
2024-08-19 22:34:40.194938,27084.891389525106,27677.87127177197,27154.075780416886,27606.817800025492,3246477.521383905
2024-08-20 22:34:40.194938,27606.817800025492,27359.747412995945,26711.00758738099,26910.71943434852,2315499.787124446
2024-08-21 22:34:40.194938,26910.71943434852,26163.656196646432,26039.962447499453,26059.62016727556,2554682.7070485
2024-08-22 22:34:40.194938,26059.62016727556,26621.0237135201,26026.123997081355,26449.84141383196,6728185.1645052945
2024-08-23 22:34:40.194938,26449.84141383196,26412.75886148172,26221.070307845883,26285.749677526015,1744095.3460560702
2024-08-24 22:34:40.194938,26285.749677526015,27284.736980887898,26635.42135872276,26861.933700084817,4909106.920823005
2024-08-25 22:34:40.194938,26861.933700084817,27590.830598202654,26664.999068018155,27256.72699780527,2843421.2051621075
2024-08-26 22:34:40.194938,27256.72699780527,27609.27119184879,27162.943085634633,27210.80302760911,2842287.989087311
2024-08-27 22:34:40.194938,27210.80302760911,26592.704455509614,26500.46020051961,26533.15031710163,4853380.100090105
2024-08-28 22:34:40.194938,26533.15031710163,25605.947882528955,25200.857077854336,25340.606818659155,3874881.529556123
2024-08-29 22:34:40.194938,25340.606818659155,25435.043108789385,25002.92168581707,25013.828326899,4348347.729492644
2024-08-30 22:34:40.194938,25013.828326899,25786.780567454203,25233.88713816483,25668.98961367957,5304639.273517886
2024-08-31 22:34:40.194938,25668.98961367957,26125.494515492035,25685.756953462605,25846.69121131936,2769966.566979908
2024-09-01 22:34:40.194938,25846.69121131936,24903.25396109374,24845.22285722243,24893.66779062498,2406975.7278884454
2024-09-02 22:34:40.194938,24893.66779062498,25078.66589529384,24849.567041105747,25035.447877594655,1900114.5593639275
2024-09-03 22:34:40.194938,25035.447877594655,25561.259526382622,25002.904496241485,25337.36339682943,2163623.098784217
2024-09-04 22:34:40.194938,25337.36339682943,24839.17506958378,24527.22000653082,24678.193566967304,14282523.467218062
2024-09-05 22:34:40.194938,24678.193566967304,25195.35610957628,24795.155667415187,24804.342401369577,6091103.307584733
2024-09-06 22:34:40.194938,24804.342401369577,25227.12825069054,24753.33465386156,24860.059442062648,1663547.3146972966
2024-09-07 22:34:40.194938,24860.059442062648,24351.558959326598,23853.740249343886,24020.06018544624,1687520.789958291
2024-09-08 22:34:40.194938,24020.06018544624,24441.84094071391,23948.29943421549,24289.89243341369,4159614.7961021685
2024-09-09 22:34:40.194938,24289.89243341369,24808.484995969695,24690.143302849854,24710.679254344617,4297879.840363559
2024-09-10 22:34:40.194938,24710.679254344617,25652.02831328239,25141.828793277913,25525.922550555493,4301360.464249277
2024-09-11 22:34:40.194938,25525.922550555493,26414.339832180704,26145.42181139068,26345.663598746552,2877758.076260856
2024-09-12 22:34:40.194938,26345.663598746552,25409.029955374666,25249.135519789583,25269.96801899107,3070260.1948616295
2024-09-13 22:34:40.194938,25269.96801899107,24736.66760768192,24213.49445112039,24571.638740018636,3851371.0589627633
2024-09-14 22:34:40.194938,24571.638740018636,24969.961586677397,24886.392712454573,24963.58237511525,3412468.5528357513
2024-09-15 22:34:40.194938,24963.58237511525,25658.256260788545,25170.089103668026,25360.842303566023,1077710.9010351505
2024-09-16 22:34:40.194938,25360.842303566023,25905.444686615047,25683.147480953452,25765.384019254532,2914183.351661577
2024-09-17 22:34:40.194938,25765.384019254532,28862.85479735203,28370.816220443136,28756.279902657978,2135682.4085459844
2024-09-18 22:34:40.194938,28756.279902657978,29488.98208027831,28714.42396720514,29263.15866218723,3568320.9088338106
2024-09-19 22:34:40.194938,29263.15866218723,31137.085024268305,30239.873569161868,30274.697366516317,14543133.28926887
2024-09-20 22:34:40.194938,30274.697366516317,31514.21102222208,31106.406704274475,31156.298155505963,3928392.365049652
2024-09-21 22:34:40.194938,31156.298155505963,32333.618149054317,31567.367765636907,31780.724505830865,2794699.5322487694
2024-09-22 22:34:40.194938,31780.724505830865,31610.18482659999,31428.881843145202,31496.030317811495,5183031.895330525
2024-09-23 22:34:40.194938,31496.030317811495,32589.771306197865,31986.562312156388,32228.913860338656,4161324.386059774
2024-09-24 22:34:40.194938,32228.913860338656,31905.605094997398,31397.313800593314,31497.808799215956,4033105.550518081
2024-09-25 22:34:40.194938,31497.808799215956,31652.999832087,31040.704950908348,31289.77968775976,4427852.655425422
2024-09-26 22:34:40.194938,31289.77968775976,30994.10198802242,30517.870789788118,30849.81702320238,9140921.714789363
2024-09-27 22:34:40.194938,30849.81702320238,31048.227819764965,30934.421957658902,30941.015998283987,1857154.0296857622
2024-09-28 22:34:40.194938,30941.015998283987,33120.55620703812,32475.633522117067,33105.02313854343,4142524.8970088167
2024-09-29 22:34:40.194938,33105.02313854343,31416.256760061122,31248.133050643806,31267.099927916308,2057103.4005303609
2024-09-30 22:34:40.194938,31267.099927916308,31950.98096241185,31700.285292546618,31926.454456349988,4315640.569039416
2024-10-01 22:34:40.194938,31926.454456349988,30787.76969781036,29937.63328951949,30397.768689201082,2065032.957414543
2024-10-02 22:34:40.194938,30397.768689201082,30281.30397128148,29441.969194807916,29982.597302745773,2653305.0066172783
2024-10-03 22:34:40.194938,29982.597302745773,31130.026968477272,30486.356629378726,30977.075618340856,2820585.4926782646
2024-10-04 22:34:40.194938,30977.075618340856,31535.654853140757,30969.351396486974,31052.30036651808,5324920.605441436
2024-10-05 22:34:40.194938,31052.30036651808,30192.540706346088,29910.89063901845,30063.832879820126,5174365.195065399
2024-10-06 22:34:40.194938,30063.832879820126,29875.45112063115,28968.318390888206,29433.72166105482,1753529.7452488022
2024-10-07 22:34:40.194938,29433.72166105482,30304.01039727914,29779.58538387691,30048.531251394023,3360052.159568256
2024-10-08 22:34:40.194938,30048.531251394023,29507.683905843514,29263.117294598625,29405.16218027589,2292629.735128555
2024-10-09 22:34:40.194938,29405.16218027589,29714.23281118358,29567.348152466504,29610.814759325178,1742353.8505361846
2024-10-10 22:34:40.194938,29610.814759325178,29761.51933075512,29187.81971792348,29666.10274599384,2932868.389940091
2024-10-11 22:34:40.194938,29666.10274599384,29705.37740972853,28840.03310032262,29101.022511524854,2801760.7191176405
2024-10-12 22:34:40.194938,29101.022511524854,31105.65347093563,30904.091576215116,30987.301978987827,10999476.54896625
2024-10-13 22:34:40.194938,30987.301978987827,31727.95801743432,31310.552506556105,31592.098835221106,4059132.7999043413
2024-10-14 22:34:40.194938,31592.098835221106,29994.41585475161,29049.697171446533,29688.539742045643,1641615.2926657356
2024-10-15 22:34:40.194938,29688.539742045643,29940.775712076906,29654.643555777428,29869.450701939906,2464779.7188461963
2024-10-16 22:34:40.194938,29869.450701939906,29367.24647379837,29229.526543409836,29291.369481752565,5447632.3862839695
2024-10-17 22:34:40.194938,29291.369481752565,30114.096470354616,29758.385729742244,30055.0833595358,9287884.681605404
2024-10-18 22:34:40.194938,30055.0833595358,29376.55152652897,29317.001413724272,29355.5325954829,1479194.6524442402
2024-10-19 22:34:40.194938,29355.5325954829,29280.06051950832,29246.67197625335,29269.165881359502,1277017.4597943365
2024-10-20 22:34:40.194938,29269.165881359502,29943.521171932163,29660.373731390366,29727.217157393843,8330904.466711763
2024-10-21 22:34:40.194938,29727.217157393843,30530.026404623728,30315.83261727469,30514.175545839647,3972106.3896107306
2024-10-22 22:34:40.194938,30514.175545839647,29646.27171948597,29381.014807594027,29430.65097545435,2117726.4333178517
2024-10-23 22:34:40.194938,29430.65097545435,29173.557533463878,29021.20280139033,29150.028627255288,4270812.05125339
2024-10-24 22:34:40.194938,29150.028627255288,28771.87059718139,28435.781854447556,28749.26355906724,875128.6039577519
2024-10-25 22:34:40.194938,28749.26355906724,28763.65187536991,27802.271027476316,28200.156161903626,3274539.325862366
2024-10-26 22:34:40.194938,28200.156161903626,29980.05994662681,29678.55039475011,29707.838798163237,3851258.6943165543
2024-10-27 22:34:40.194938,29707.838798163237,30187.862958631336,30077.95600893191,30083.62665912529,5189433.35884834
2024-10-28 22:34:40.194938,30083.62665912529,29249.740417950612,28755.605685651404,28960.70960817394,1969030.84705336
2024-10-29 22:34:40.194938,28960.70960817394,30634.93988008675,29703.213344497166,29772.647962249426,3412117.351302431
2024-10-30 22:34:40.194938,29772.647962249426,32344.660337033973,31381.018282335976,31683.000567467447,2058087.449558527
2024-10-31 22:34:40.194938,31683.000567467447,32725.808146517753,32586.357268131615,32680.189990829153,3714266.886272663
2024-11-01 22:34:40.194938,32680.189990829153,31552.76095941804,31015.808201609107,31206.931111212467,2089273.2554767537
2024-11-02 22:34:40.194938,31206.931111212467,31089.161434976726,30657.959086753403,30769.190796158906,2665626.254863814
2024-11-03 22:34:40.194938,30769.190796158906,32149.8362770927,31588.5636986515,31954.03031769011,1986912.1389305182
2024-11-04 22:34:40.194938,31954.03031769011,31621.25138729329,31257.650494829428,31291.62058607037,4526991.373781348
2024-11-05 22:34:40.194938,31291.62058607037,31921.785120241984,31713.359421567347,31723.901270991755,5021431.238624832
2024-11-06 22:34:40.194938,31723.901270991755,33098.61552809945,32409.405545911068,32476.99564859146,2907167.260452833
2024-11-07 22:34:40.194938,32476.99564859146,31650.35343246855,31549.511489866843,31590.116639656113,3332119.0052086655
2024-11-08 22:34:40.194938,31590.116639656113,31618.098292568655,30955.785358125922,31549.499309745657,1584380.9048523232
2024-11-09 22:34:40.194938,31549.499309745657,28745.41043959327,28341.09052945676,28497.46320815422,2814124.2671268964
2024-11-10 22:34:40.194938,28497.46320815422,27772.924807711974,27610.279906415617,27635.938466163945,3187978.871876999
2024-11-11 22:34:40.194938,27635.938466163945,27481.633184302445,27396.4925329163,27440.357698684602,12120351.568842616
2024-11-12 22:34:40.194938,27440.357698684602,26523.33721260192,26155.306799629998,26426.889372228394,1874807.3906303325
2024-11-13 22:34:40.194938,26426.889372228394,28400.85963910067,27383.254329475545,27734.2894050838,6797657.458348649
2024-11-14 22:34:40.194938,27734.2894050838,26573.54044098346,26328.19712693838,26558.237903789977,5381239.988595803
2024-11-15 22:34:40.194938,26558.237903789977,26273.64284352009,25966.71231021385,26220.912837763386,3761461.746727487
2024-11-16 22:34:40.194938,26220.912837763386,26613.57686786502,26224.357799943242,26336.867412623593,7875838.727606281
2024-11-17 22:34:40.194938,26336.867412623593,27792.690304343563,27311.154454373278,27488.794551914605,3937484.935891724
2024-11-18 22:34:40.194938,27488.794551914605,26630.843162489957,25851.201309141583,26318.43535883131,3971202.874520562
2024-11-19 22:34:40.194938,26318.43535883131,27424.027897121676,26924.70834996601,27249.97407719551,3183334.128219485
2024-11-20 22:34:40.194938,27249.97407719551,27583.684478648876,27021.293182963378,27271.964583659526,6027147.716011051
2024-11-21 22:34:40.194938,27271.964583659526,26915.14514781476,26217.590573158555,26482.5704908533,5656040.329385823
2024-11-22 22:34:40.194938,26482.5704908533,27170.884513794263,26682.79409047506,26862.94241103609,2390854.4159914968
2024-11-23 22:34:40.194938,26862.94241103609,27118.61668296845,26660.315785090257,27036.79375639806,1690232.0796380355
2024-11-24 22:34:40.194938,27036.79375639806,26763.835824745267,26497.052914987904,26563.47395577071,2953524.2647937736
2024-11-25 22:34:40.194938,26563.47395577071,26649.462837753443,26555.49528070092,26632.381268749323,2191245.6231656754
2024-11-26 22:34:40.194938,26632.381268749323,26424.431827936623,26269.279743862007,26337.84290079403,3166817.5454281997
2024-11-27 22:34:40.194938,26337.84290079403,26525.67499858584,26405.193703110104,26440.705882416707,6069088.987511018
2024-11-28 22:34:40.194938,26440.705882416707,27092.97290869207,26760.393190119376,26979.14230798003,2600850.7797757173
2024-11-29 22:34:40.194938,26979.14230798003,28732.611131360674,28051.943725819656,28276.313080703065,3199766.2215774707
2024-11-30 22:34:40.194938,28276.313080703065,27363.97015324349,26764.11793065351,27240.425479814177,3365245.1368735335
2024-12-01 22:34:40.194938,27240.425479814177,29067.986351247295,28618.96580351281,28997.1877932025,4996336.196523039
2024-12-02 22:34:40.194938,28997.1877932025,27576.86097492107,26859.449365852182,27313.534691751902,1062946.506597701
2024-12-03 22:34:40.194938,27313.534691751902,27526.38732563659,26921.93617229675,27202.81783532942,2413647.9968208466
2024-12-04 22:34:40.194938,27202.81783532942,28036.540656394838,27384.47752638218,27696.53581816878,3633263.5289813452
2024-12-05 22:34:40.194938,27696.53581816878,28110.795759895205,27639.00100358716,27943.859125957988,5956773.171305387
2024-12-06 22:34:40.194938,27943.859125957988,27628.184662689346,27323.101989091225,27435.81222573092,2556242.018054475
2024-12-07 22:34:40.194938,27435.81222573092,27359.40009938864,26976.61337936045,27278.23004241982,1279172.1220293911
2024-12-08 22:34:40.194938,27278.23004241982,27258.32924253493,26830.634493702764,26888.42337023848,4456417.379172882
2024-12-09 22:34:40.194938,26888.42337023848,26466.10928084247,26345.05236758321,26426.45490879719,2379304.570277237
2024-12-10 22:34:40.194938,26426.45490879719,27147.27511071371,26901.836149333838,27113.227281471958,1803368.152970965
2024-12-11 22:34:40.194938,27113.227281471958,27464.63056766362,27057.929459117746,27417.17915553196,2392447.133114791
2024-12-12 22:34:40.194938,27417.17915553196,26865.143631329895,26486.064894269617,26860.958949754273,2980904.4560450446
2024-12-13 22:34:40.194938,26860.958949754273,27901.877280341854,27444.15837636847,27599.31288898565,2416009.2525585443
2024-12-14 22:34:40.194938,27599.31288898565,28268.857117067113,27809.24520352446,27867.550214249408,1085137.1814172387
2024-12-15 22:34:40.194938,27867.550214249408,29016.465786951096,28080.250503811305,28561.058266776705,5119324.723845679
2024-12-16 22:34:40.194938,28561.058266776705,29361.416089621678,28880.1971193371,29114.824777128793,6183762.856742637
2024-12-17 22:34:40.194938,29114.824777128793,29160.909352888233,28596.050783060917,28874.648298722284,4527864.600355669
2024-12-18 22:34:40.194938,28874.648298722284,27174.993104704852,26172.36545363012,26602.145141227156,1850852.986890819
2024-12-19 22:34:40.194938,26602.145141227156,26892.46779073797,26391.886856436206,26721.726182111946,2955724.135234247
2024-12-20 22:34:40.194938,26721.726182111946,23767.89751468605,23318.555785195495,23457.5332859939,3258375.585124872
2024-12-21 22:34:40.194938,23457.5332859939,24838.12688382405,24430.4170369743,24436.869777416094,4410052.688163196
2024-12-22 22:34:40.194938,24436.869777416094,24889.890210590223,24572.02588912127,24641.060569959507,4566101.0845380975
2024-12-23 22:34:40.194938,24641.060569959507,24695.551062501523,24328.200416692467,24526.770010016648,2264609.96369277
2024-12-24 22:34:40.194938,24526.770010016648,26056.34275295419,25374.307955968314,25482.368755065232,3405825.065527374
2024-12-25 22:34:40.194938,25482.368755065232,27789.308790559735,27388.738925141748,27519.135416719895,4108794.367948007
2024-12-26 22:34:40.194938,27519.135416719895,28736.671432221836,28639.48828460039,28643.627939299546,6769319.758749133
2024-12-27 22:34:40.194938,28643.627939299546,25529.523277685006,24770.933388684276,24906.996386595096,4649421.075463042
2024-12-28 22:34:40.194938,24906.996386595096,23012.01623008995,22495.186531289703,22496.631325651808,4850189.545458125
2024-12-29 22:34:40.194938,22496.631325651808,21497.955403348045,21110.791611467354,21203.319907868503,3408944.6479867613
2024-12-30 22:34:40.194938,21203.319907868503,21154.894257069052,20789.63404094651,20812.446522772287,6617508.996618853
2024-12-31 22:34:40.194938,20812.446522772287,21257.798270315452,21024.028749096437,21042.622633149498,4012324.864454079
2025-01-01 22:34:40.194938,21042.622633149498,20186.241838198646,19632.564550823798,19705.47698917463,2125369.111770274
2025-01-02 22:34:40.194938,19705.47698917463,19802.56589761794,19481.63860890433,19532.187140175876,6594094.17913982
2025-01-03 22:34:40.194938,19532.187140175876,18359.235414374907,17964.43294117572,18256.286549539163,4634095.70372353
2025-01-04 22:34:40.194938,18256.286549539163,17323.74270152715,17124.720441280424,17221.318164054443,2619458.0139566925
2025-01-05 22:34:40.194938,17221.318164054443,15555.044154396848,15377.845137451704,15423.418302904094,2572152.1433427464
2025-01-06 22:34:40.194938,15423.418302904094,15593.462158975517,15368.14955693406,15476.010292308843,3791558.751443451
2025-01-07 22:34:40.194938,15476.010292308843,15804.383944576586,15707.457806458347,15760.067984991047,4120942.254120791
2025-01-08 22:34:40.194938,15760.067984991047,15397.11887840765,15200.652235928821,15381.091611148982,3607934.957910902
2025-01-09 22:34:40.194938,15381.091611148982,16364.514822405003,16293.825855815228,16354.278168154167,3819592.642171265
2025-01-10 22:34:40.194938,16354.278168154167,15988.520359887127,15851.847021522817,15868.87466426692,7648183.199134327
2025-01-11 22:34:40.194938,15868.87466426692,15341.714742339613,15230.27968950309,15298.774894145794,5585986.317836959
2025-01-12 22:34:40.194938,15298.774894145794,16106.08434004707,15589.159956360212,15837.95460827707,3595946.495725721
2025-01-13 22:34:40.194938,15837.95460827707,16237.975796937459,16039.238640628206,16222.023119942749,5233837.373309013
2025-01-14 22:34:40.194938,16222.023119942749,16697.32107033788,16336.466721449458,16533.868714557753,1950776.4840635532
2025-01-15 22:34:40.194938,16533.868714557753,17039.80190642027,16829.713763026873,16853.805113641756,3988650.555315432
2025-01-16 22:34:40.194938,16853.805113641756,16886.36290436394,16564.006455368457,16856.039874513594,8077986.265481515
2025-01-17 22:34:40.194938,16856.039874513594,16639.18115152585,16044.570292855875,16410.743230550444,2931360.044494354
2025-01-18 22:34:40.194938,16410.743230550444,16607.38952619252,16351.269471550653,16456.2688763724,2139714.6472282903
2025-01-19 22:34:40.194938,16456.2688763724,16383.515091776831,16049.403187697271,16130.19035488775,2359488.829103209
2025-01-20 22:34:40.194938,16130.19035488775,16774.49989309348,16310.963580465454,16610.121457630266,1895860.686150593
2025-01-21 22:34:40.194938,16610.121457630266,16700.799268027462,16455.361109852794,16545.147289319335,2208047.162405595
2025-01-22 22:34:40.194938,16545.147289319335,16302.290309279482,16016.503388357816,16143.680681728423,2716204.204824488
2025-01-23 22:34:40.194938,16143.680681728423,16032.03455779279,15896.79059482835,15996.102009971053,1618833.6688434843
2025-01-24 22:34:40.194938,15996.102009971053,16291.379735956632,16175.01577418499,16202.258870947595,3294645.6123388316
2025-01-25 22:34:40.194938,16202.258870947595,16090.670443957983,15861.117651644661,15936.351666289895,5132680.456832712
2025-01-26 22:34:40.194938,15936.351666289895,15567.611222039848,15243.418693040236,15551.224040994759,2076349.6001364775
2025-01-27 22:34:40.194938,15551.224040994759,15881.766348476338,15555.471039580832,15672.688685670333,6987559.850816879
2025-01-28 22:34:40.194938,15672.688685670333,15890.693824664555,15626.256265775526,15795.703574234662,4220212.517172715
2025-01-29 22:34:40.194938,15795.703574234662,15613.144566045858,15526.1408138901,15563.37570220747,5472741.804650865
2025-01-30 22:34:40.194938,15563.37570220747,15595.773122537257,15032.831826028201,15351.229006444499,2352720.1399167664
2025-01-31 22:34:40.194938,15351.229006444499,15533.894992278778,15323.582246500133,15465.772172826964,5011584.114154132
2025-02-01 22:34:40.194938,15465.772172826964,14804.539498418204,14427.108916049809,14801.632783534307,1893680.8823453884
2025-02-02 22:34:40.194938,14801.632783534307,14262.416197069335,14143.483757638034,14184.050741592606,5101900.8830534965
2025-02-03 22:34:40.194938,14184.050741592606,13916.52072703797,13732.556316675647,13885.429288285944,3562309.647663795
2025-02-04 22:34:40.194938,13885.429288285944,13991.75639214406,13533.138177711373,13803.457842973661,4310763.575133582
2025-02-05 22:34:40.194938,13803.457842973661,13956.562734249686,13767.71931571216,13939.107556138953,1816101.4428574885
2025-02-06 22:34:40.194938,13939.107556138953,14625.56604422628,14490.69711493147,14563.031579667368,2089562.0966661174
2025-02-07 22:34:40.194938,14563.031579667368,14963.294203175663,14875.47609474149,14945.0168207761,4406600.590988849
2025-02-08 22:34:40.194938,14945.0168207761,14961.627797406858,14865.014866194397,14880.78080856868,2034632.9618981245
2025-02-09 22:34:40.194938,14880.78080856868,14887.00216580423,14486.260717288475,14879.731918324662,4120986.5479595456
2025-02-10 22:34:40.194938,14879.731918324662,14445.512037140827,14222.627072575473,14439.650738702056,1650239.6813801837
2025-02-11 22:34:40.194938,14439.650738702056,14540.210400442083,14402.213776222163,14438.85086753716,4995695.034012468
2025-02-12 22:34:40.194938,14438.85086753716,14415.967583094101,14254.05482682879,14321.033321801106,1765136.076625158
2025-02-13 22:34:40.194938,14321.033321801106,14669.75644905319,14309.76472520954,14466.843736146968,4308713.686122425
2025-02-14 22:34:40.194938,14466.843736146968,14362.008245611123,14101.224158645995,14115.054534192734,4469626.77162508
2025-02-15 22:34:40.194938,14115.054534192734,14520.425433353761,14297.849491195462,14342.030192579545,2307358.8901354535
2025-02-16 22:34:40.194938,14342.030192579545,15112.674756512304,14949.897565036012,15008.678840704568,4373233.756860636
2025-02-17 22:34:40.194938,15008.678840704568,15074.738340138605,14926.931993971819,14967.21279595923,3723673.1003561
2025-02-18 22:34:40.194938,14967.21279595923,15290.697976794843,15103.06051227978,15155.071547175794,2496946.321673348
2025-02-19 22:34:40.194938,15155.071547175794,15522.072194479131,15380.227425682453,15476.424530116445,1974296.436094733
2025-02-20 22:34:40.194938,15476.424530116445,15488.757064196405,15241.336449840035,15297.878991789135,1225288.8304932395
2025-02-21 22:34:40.194938,15297.878991789135,15512.146062962269,15350.267089412571,15408.372121376195,3893523.2429042556
2025-02-22 22:34:40.194938,15408.372121376195,15464.923352130058,15417.384278318876,15421.897159351307,1494942.966108456
2025-02-23 22:34:40.194938,15421.897159351307,15604.066904689756,15300.544621550029,15474.798630333386,3428632.6649939865
2025-02-24 22:34:40.194938,15474.798630333386,15448.09620187092,15115.898289692788,15123.670907315327,2865564.414255344
2025-02-25 22:34:40.194938,15123.670907315327,15322.183604934771,14873.874417352097,15142.35325705018,4590829.973111741
2025-02-26 22:34:40.194938,15142.35325705018,15423.788913523731,15182.115467031788,15376.150415102085,2810793.119043222
2025-02-27 22:34:40.194938,15376.150415102085,16154.970213199455,15907.829285514039,16053.22856193075,2772544.6615080973
2025-02-28 22:34:40.194938,16053.22856193075,16591.609996468094,16415.213629427984,16523.236990929854,4713472.012855771
2025-03-01 22:34:40.194938,16523.236990929854,17631.433381034,17493.99554201415,17598.824930330604,3865219.43982015
2025-03-02 22:34:40.194938,17598.824930330604,17224.824275526746,16966.054278820255,17202.49188019629,3828861.1941132694
2025-03-03 22:34:40.194938,17202.49188019629,17669.013451132083,17284.088473413452,17661.27578623984,4133494.7555400375
2025-03-04 22:34:40.194938,17661.27578623984,17793.366246176494,17209.756471210272,17767.24803592938,1516952.488403818
2025-03-05 22:34:40.194938,17767.24803592938,19125.925664190636,18743.28243868863,18943.334815875867,4772564.455011398
2025-03-06 22:34:40.194938,18943.334815875867,18902.252509558984,18452.165953614243,18493.45053176637,4440308.42464873
2025-03-07 22:34:40.194938,18493.45053176637,18137.370397537885,18026.915496337693,18036.81662656784,1966288.7401413368
2025-03-08 22:34:40.194938,18036.81662656784,17964.25062630672,17670.89650971722,17721.50097788551,2893448.9682733538
2025-03-09 22:34:40.194938,17721.50097788551,16615.859005884526,16514.69053085746,16601.203123715957,3205396.5081820115
2025-03-10 22:34:40.194938,16601.203123715957,16769.380827241548,16242.181105850514,16347.658748030735,3056410.0771006243
2025-03-11 22:34:40.194938,16347.658748030735,16111.986902872683,15894.72611266252,15983.531326537824,3862904.7459136965
2025-03-12 22:34:40.194938,15983.531326537824,16326.939592970726,16049.247889943765,16063.637806124867,6687050.085011622
2025-03-13 22:34:40.194938,16063.637806124867,16508.762578383165,16204.324365306367,16236.364951416825,5614613.800564934
2025-03-14 22:34:40.194938,16236.364951416825,17253.33556994981,17132.39296968998,17158.348967593985,1696182.0040487938
2025-03-15 22:34:40.194938,17158.348967593985,17756.61981717448,17621.745942172085,17656.159258559273,4461675.808115905
2025-03-16 22:34:40.194938,17656.159258559273,17642.09030391581,17162.594451104695,17359.41025355194,6353183.982488434
2025-03-17 22:34:40.194938,17359.41025355194,16964.28488300165,16799.899151550264,16900.21149294633,3966538.112775951
2025-03-18 22:34:40.194938,16900.21149294633,17192.998195860877,16653.553866021462,17158.06773976965,5640539.148397657
2025-03-19 22:34:40.194938,17158.06773976965,16582.969373150245,16378.928447571234,16487.067249688927,8940796.372232307
2025-03-20 22:34:40.194938,16487.067249688927,17577.751865561884,17367.285917673515,17401.172298443962,5453972.3519214615
2025-03-21 22:34:40.194938,17401.172298443962,18142.618164274274,18022.209745029835,18025.58210728424,3703001.6216370547
2025-03-22 22:34:40.194938,18025.58210728424,17998.507320896835,17711.79797133584,17780.879971145325,5512585.104314006
2025-03-23 22:34:40.194938,17780.879971145325,16881.69113343545,16686.23464856565,16875.939228045216,3514626.843933946
2025-03-24 22:34:40.194938,16875.939228045216,17705.09609358352,17403.334605181077,17569.81323492758,3308321.5086203385
2025-03-25 22:34:40.194938,17569.81323492758,17559.179972524074,17382.83038335671,17518.224830873663,2742259.7977190344
2025-03-26 22:34:40.194938,17518.224830873663,18460.337430085077,18103.522289256958,18177.51427686332,7143451.918182714
2025-03-27 22:34:40.194938,18177.51427686332,17374.420018535995,17148.858114786068,17317.12108806694,2171189.358901615
2025-03-28 22:34:40.194938,17317.12108806694,17156.216072700514,16779.66245316376,17014.39615312137,7033421.620232255
2025-03-29 22:34:40.194938,17014.39615312137,17365.024957602487,16918.87766089061,17025.579902727328,4197216.233140132
2025-03-30 22:34:40.194938,17025.579902727328,17121.89575029665,16910.981003528537,17058.088848269264,1623909.2418780436
2025-03-31 22:34:40.194938,17058.088848269264,17042.994225588765,16675.829194879338,16836.30018869247,3928721.632177227
2025-04-01 22:34:40.194938,16836.30018869247,17366.87908026642,17071.271058642345,17159.312991792092,1143937.4194803818
2025-04-02 22:34:40.194938,17159.312991792092,16896.256813258842,16497.80503551258,16618.303655161766,4469352.083922672
2025-04-03 22:34:40.194938,16618.303655161766,16625.000876816986,16470.17307599428,16555.629641498865,5089121.302460497
2025-04-04 22:34:40.194938,16555.629641498865,16740.853289569735,16517.016869684972,16623.654554102985,2431021.3172303224
2025-04-05 22:34:40.194938,16623.654554102985,16897.940558319544,16815.576651461215,16888.52198537828,3477324.895584953
2025-04-06 22:34:40.194938,16888.52198537828,17353.863274274678,17119.379198311577,17257.509951782762,8684746.047519501
2025-04-07 22:34:40.194938,17257.509951782762,16696.56369460646,16558.037960718983,16683.88304399608,2538608.483844826
2025-04-08 22:34:40.194938,16683.88304399608,16010.16907099763,15735.048513336895,15924.375543497374,1925211.1470569528
2025-04-09 22:34:40.194938,15924.375543497374,16695.02838782183,16425.551147526552,16542.723897323143,6857350.504271545
2025-04-10 22:34:40.194938,16542.723897323143,16744.226841839358,16657.16883833134,16715.916627693514,8721428.447581867
2025-04-11 22:34:40.194938,16715.916627693514,16580.052558634954,16173.96736529784,16348.925429746447,3275063.5646740794
2025-04-12 22:34:40.194938,16348.925429746447,17136.929486559122,17113.35005183519,17117.889931801972,5420678.32448618
2025-04-13 22:34:40.194938,17117.889931801972,17341.196276398812,17034.294373704088,17185.85204649967,6393151.886804235
2025-04-14 22:34:40.194938,17185.85204649967,17933.40421715998,17773.431846315856,17802.461780248155,2255219.5412771236
2025-04-15 22:34:40.194938,17802.461780248155,18068.033642687187,17714.476941717498,17847.422866681194,2564687.2063686843
2025-04-16 22:34:40.194938,17847.422866681194,19166.6270860545,18831.70587186391,18959.71776722467,6049204.033115771
2025-04-17 22:34:40.194938,18959.71776722467,20089.251023973433,19938.763694933445,19967.620634848445,7591252.37727874
2025-04-18 22:34:40.194938,19967.620634848445,20045.05667987561,19671.343066273104,19828.467795110624,4331569.173632088
2025-04-19 22:34:40.194938,19828.467795110624,20480.923905548552,20353.450501812633,20416.32492835808,2105561.6850314257
2025-04-20 22:34:40.194938,20416.32492835808,21074.408253788748,20427.534220331974,20821.8192434526,8828807.882750064
2025-04-21 22:34:40.194938,20821.8192434526,21717.886482770075,21640.8947893484,21687.152120129034,2506792.3637006083
2025-04-22 22:34:40.194938,21687.152120129034,21558.88986929686,21069.94844387345,21070.202439972636,2764667.988990242
2025-04-23 22:34:40.194938,21070.202439972636,21599.0147885109,21338.603161340117,21514.3948355848,3879314.098537518
2025-04-24 22:34:40.194938,21514.3948355848,22250.943732721196,22061.885693422642,22208.292902414592,7110479.291143301
2025-04-25 22:34:40.194938,22208.292902414592,21112.70071673262,20850.302621327497,21047.638999259998,5010207.995544934
2025-04-26 22:34:40.194938,21047.638999259998,20338.142396618412,19984.507090706953,20311.018878237912,4022574.7883518357
2025-04-27 22:34:40.194938,20311.018878237912,19107.697012122568,18933.09062010749,19078.607889889165,4121156.0023283996
2025-04-28 22:34:40.194938,19078.607889889165,19068.02291571691,18788.3209453866,18933.949973117386,3340921.8648893465
2025-04-29 22:34:40.194938,18933.949973117386,19536.12563340667,19169.113628548446,19350.994223349102,4321312.602580598
2025-04-30 22:34:40.194938,19350.994223349102,20391.86073292302,20065.006541673883,20232.832799556316,922848.1306930013
2025-05-01 22:34:40.194938,20232.832799556316,20558.003160085274,20248.60033604367,20287.923635062685,2818446.121959991
2025-05-02 22:34:40.194938,20287.923635062685,21680.21978332985,21232.99106162999,21289.304431463006,3688243.798871473
2025-05-03 22:34:40.194938,21289.304431463006,20522.231326027813,20009.34830220214,20418.507080971453,1838559.5287748994
2025-05-04 22:34:40.194938,20418.507080971453,19599.191475217325,19262.12284766722,19385.300542524667,3965575.941639418
2025-05-05 22:34:40.194938,19385.300542524667,19779.54643613567,19122.735179663727,19362.68892766923,2951323.847470547
2025-05-06 22:34:40.194938,19362.68892766923,19671.61025675065,19583.722388136997,19595.46646660339,7863464.545483629
2025-05-07 22:34:40.194938,19595.46646660339,20074.32412040007,19531.716965151536,19586.044134639338,7177845.760202689
2025-05-08 22:34:40.194938,19586.044134639338,18382.162687281627,18130.94349703503,18381.046790190885,2589815.5513399937
2025-05-09 22:34:40.194938,18381.046790190885,18494.88210391762,18101.04174900348,18341.093725099134,3031539.5301771876
2025-05-10 22:34:40.194938,18341.093725099134,17646.930914422486,17100.086798993503,17632.502350852898,3150356.6203265316
2025-05-11 22:34:40.194938,17632.502350852898,18013.35443134892,17962.473933055066,17995.558685774748,2608198.3717410234
2025-05-12 22:34:40.194938,17995.558685774748,18369.765299945026,17874.73315289712,18202.470672669773,3603847.173110915
2025-05-13 22:34:40.194938,18202.470672669773,17749.701621196804,17479.055092804232,17698.32788061234,2237475.9166306797
2025-05-14 22:34:40.194938,17698.32788061234,17480.95757265431,17397.786754622597,17434.339488851918,1857407.641744157
2025-05-15 22:34:40.194938,17434.339488851918,16943.38773732883,16806.02330386286,16889.05601464251,4463106.5256670285
2025-05-16 22:34:40.194938,16889.05601464251,16978.42123681645,16729.615597722277,16865.742819106017,4478348.025637364
2025-05-17 22:34:40.194938,16865.742819106017,17529.64449953878,17188.468425672432,17357.45123251211,2186564.437836738
2025-05-18 22:34:40.194938,17357.45123251211,16882.324891260752,16772.559395882643,16852.83920479178,5114947.612507001
2025-05-19 22:34:40.194938,16852.83920479178,17245.458198735185,17029.58727223748,17116.10407072691,2383811.2620193525
2025-05-20 22:34:40.194938,17116.10407072691,16942.79848323619,16673.713142809487,16852.383785351518,3710149.0872507035
2025-05-21 22:34:40.194938,16852.383785351518,16607.843494386656,16005.717229583357,16459.956059376287,4926660.860544192
2025-05-22 22:34:40.194938,16459.956059376287,16419.960618022396,16350.91819276561,16415.334586749836,3214536.436834877
2025-05-23 22:34:40.194938,16415.334586749836,15915.177953228,15832.731700207023,15913.726781016872,4103580.5525722066
2025-05-24 22:34:40.194938,15913.726781016872,15827.387562586131,15653.360667685023,15657.364931073535,2525084.733767369
2025-05-25 22:34:40.194938,15657.364931073535,15174.216694922674,14835.350138667327,15102.525274325204,2963159.6558679556
2025-05-26 22:34:40.194938,15102.525274325204,16004.25024120359,15889.090057231997,16000.245866271518,2949276.0297699096
2025-05-27 22:34:40.194938,16000.245866271518,16156.221216427548,15959.584536494176,16025.172754254625,2250607.7002876867
2025-05-28 22:34:40.194938,16025.172754254625,15915.006617378047,15614.523627947034,15696.78867624756,2992479.65713747
2025-05-29 22:34:40.194938,15696.78867624756,15893.565149481943,15781.320695319919,15805.400993778407,1507089.477706209
2025-05-30 22:34:40.194938,15805.400993778407,15761.673575464152,15630.428271483675,15760.041998228917,2557199.12685505
2025-05-31 22:34:40.194938,15760.041998228917,15868.926091260983,15487.855266206838,15663.44731415877,2835027.6645502574
2025-06-01 22:34:40.194938,15663.44731415877,16129.868912199621,15959.845022954607,15959.878070263077,2875997.486173579
2025-06-02 22:34:40.194938,15959.878070263077,16380.394802730681,16329.031136400194,16330.549929987385,2897188.312027224
2025-06-03 22:34:40.194938,16330.549929987385,16176.81627351364,16026.092359194181,16078.813940583297,3169606.1653328724
2025-06-04 22:34:40.194938,16078.813940583297,15838.657595515133,15784.564867874526,15809.099116905994,4154575.2675749203
2025-06-05 22:34:40.194938,15809.099116905994,15695.440501293513,15557.12459468636,15686.554080188142,5061930.737021842
2025-06-06 22:34:40.194938,15686.554080188142,14688.515081496713,14484.423586736522,14611.121032059602,2362231.749163995
2025-06-07 22:34:40.194938,14611.121032059602,13964.10498068023,13862.432058040404,13954.267392681291,1791205.782072333
2025-06-08 22:34:40.194938,13954.267392681291,14604.161901256597,14489.314507021985,14533.456396980522,1941512.3590936265
2025-06-09 22:34:40.194938,14533.456396980522,15267.772585718953,15052.583009016877,15257.935121337363,2562255.6438966505
2025-06-10 22:34:40.194938,15257.935121337363,15450.885032629856,15027.440382076815,15151.570816865253,2741564.6104197265
2025-06-11 22:34:40.194938,15151.570816865253,15566.07587934274,15347.779848530874,15421.218911944572,2224409.326051726
2025-06-12 22:34:40.194938,15421.218911944572,15595.363871798638,15436.757251204908,15572.925224488317,1709893.5376817584
2025-06-13 22:34:40.194938,15572.925224488317,17225.00659112586,16974.441458944046,17019.12710525613,2602386.811386743
2025-06-14 22:34:40.194938,17019.12710525613,17704.845331263416,17565.191904166797,17599.26230045559,3579427.0728640025
2025-06-15 22:34:40.194938,17599.26230045559,17809.02599557192,17391.2723106433,17540.524274246443,4401758.741131887
2025-06-16 22:34:40.194938,17540.524274246443,17254.230051308714,17023.05708121419,17046.47412758229,2473855.625311667
2025-06-17 22:34:40.194938,17046.47412758229,16268.119179987621,16170.084001320985,16233.469995577467,2659107.4755036067
2025-06-18 22:34:40.194938,16233.469995577467,16584.269058970236,16323.807224905853,16340.674355416504,2056777.1915360175
2025-06-19 22:34:40.194938,16340.674355416504,16001.820440591724,15935.666483774223,15978.06625577919,3218031.563193862
2025-06-20 22:34:40.194938,15978.06625577919,15355.898048631332,15215.122180938513,15304.309368772696,2138864.5945488447
2025-06-21 22:34:40.194938,15304.309368772696,15107.2040093043,14648.91012092807,15015.100979959865,4353818.815734588
2025-06-22 22:34:40.194938,15015.100979959865,14579.3872010009,14515.903912959055,14535.421955781521,1338508.8503122597
2025-06-23 22:34:40.194938,14535.421955781521,15337.696298571393,15061.016137081895,15278.389133707818,2731018.470683718
2025-06-24 22:34:40.194938,15278.389133707818,15716.86791253403,15544.804991735622,15690.12938674731,3800159.7739759916
2025-06-25 22:34:40.194938,15690.12938674731,15719.422534801963,15542.710076725489,15694.221698226327,3583739.1125178686
2025-06-26 22:34:40.194938,15694.221698226327,16399.36546433918,16196.154531522094,16398.86595157736,12566144.76172203
2025-06-27 22:34:40.194938,16398.86595157736,16516.983000853266,16430.548105453934,16445.12795973356,3893815.223841596
2025-06-28 22:34:40.194938,16445.12795973356,16219.274593030821,15996.806041414628,16028.43265669722,1978743.690571046
2025-06-29 22:34:40.194938,16028.43265669722,16928.074891123684,16665.27253119558,16768.84562403489,3116645.6724303365
2025-06-30 22:34:40.194938,16768.84562403489,17301.487436844283,16994.451860935264,17048.33702668061,1344962.6932419026
2025-07-01 22:34:40.194938,17048.33702668061,16948.43177469976,16424.596968199206,16526.361534636373,3139895.6515808497
2025-07-02 22:34:40.194938,16526.361534636373,16593.861131485555,16242.334851232972,16440.256541162657,2155367.8683009394
2025-07-03 22:34:40.194938,16440.256541162657,16235.54270665033,15994.280434781454,16016.615007900135,5166443.7016978115
2025-07-04 22:34:40.194938,16016.615007900135,15394.714580894413,15291.040260401847,15360.190187687576,2483625.2936808295
2025-07-05 22:34:40.194938,15360.190187687576,15299.602090750337,15122.570151923454,15122.649993293446,3083626.9462646726
2025-07-06 22:34:40.194938,15122.649993293446,15025.15471994344,14670.463591705271,14759.196879432153,2379072.0610315823
2025-07-07 22:34:40.194938,14759.196879432153,14594.007908447415,14305.830880217996,14515.412360669161,7798372.966999635
2025-07-08 22:34:40.194938,14515.412360669161,14977.686697057052,14523.515887580714,14864.839500915148,2783942.4177443003
2025-07-09 22:34:40.194938,14864.839500915148,14711.507995835571,14546.652757100312,14627.180777321213,8172443.643934542
2025-07-10 22:34:40.194938,14627.180777321213,15841.235584439959,15252.656863240072,15441.148886400266,4911430.890583442
2025-07-11 22:34:40.194938,15441.148886400266,15725.251885932812,15560.348022716244,15639.820236176032,4160032.1628741603
2025-07-12 22:34:40.194938,15639.820236176032,15806.243571986253,15721.288417123329,15744.555771839348,3930851.290153393
2025-07-13 22:34:40.194938,15744.555771839348,15751.049462419443,15451.149247595355,15521.500200309762,3980422.984428344
2025-07-14 22:34:40.194938,15521.500200309762,15814.406109857046,15556.183190323538,15785.461899581203,1246890.8743993782
2025-07-15 22:34:40.194938,15785.461899581203,15653.4802631698,15599.94500788006,15651.084105799264,2843534.284842463
2025-07-16 22:34:40.194938,15651.084105799264,15827.38771292392,15688.945741990014,15736.22907553161,4988166.601034966
2025-07-17 22:34:40.194938,15736.22907553161,16608.99667550169,16485.94036340968,16589.159297696693,3190063.5885048904
2025-07-18 22:34:40.194938,16589.159297696693,16768.65381718418,16417.92906563442,16607.055716016723,1619138.987301857
2025-07-19 22:34:40.194938,16607.055716016723,17242.47681205074,16861.547728198337,17038.597806415935,3184474.2881887397
2025-07-20 22:34:40.194938,17038.597806415935,16876.80317093201,16837.324442871108,16850.090793941716,7664062.534624134
2025-07-21 22:34:40.194938,16850.090793941716,16893.461304179873,16775.613416560842,16888.849881491205,6097844.205633548
2025-07-22 22:34:40.194938,16888.849881491205,17701.32544156154,17349.673560131683,17537.652153241626,3169226.1372727053
2025-07-23 22:34:40.194938,17537.652153241626,17447.35420477627,17100.461100451477,17370.354506280884,5260436.881209764
2025-07-24 22:34:40.194938,17370.354506280884,18211.848724015814,17904.47660186134,18052.123049335813,2721643.5165334973
2025-07-25 22:34:40.194938,18052.123049335813,18393.563942355446,18292.692324857824,18361.80791902878,1394524.711507741
2025-07-26 22:34:40.194938,18361.80791902878,18522.043056752478,18046.068593021228,18210.335204789746,2059074.16636191
2025-07-27 22:34:40.194938,18210.335204789746,18749.03048952939,18334.446610663188,18495.2933486902,7141578.471013724
2025-07-28 22:34:40.194938,18495.2933486902,19215.66588341145,18697.707111267155,18910.53282560468,2850495.677595081
2025-07-29 22:34:40.194938,18910.53282560468,19484.94017134557,18974.043478054627,19202.43957811742,2894456.779102484
2025-07-30 22:34:40.194938,19202.43957811742,18696.05751749621,18350.530432253458,18657.003990696514,2813896.967856195
2025-07-31 22:34:40.194938,18657.003990696514,18565.039038103903,18275.561646318758,18441.650978845635,8470230.625640256
2025-08-01 22:34:40.194938,18441.650978845635,18597.084445109238,18288.18249263265,18405.682886030154,7370377.305867047
2025-08-02 22:34:40.194938,18405.682886030154,18545.13611319848,18372.924086207586,18433.49997284554,9913322.49207723
2025-08-03 22:34:40.194938,18433.49997284554,19059.409280709726,18604.721301348975,18717.623654631003,3019124.343429697
2025-08-04 22:34:40.194938,18717.623654631003,18968.022598193427,18737.786628044607,18840.299334765292,3789756.186966273
2025-08-05 22:34:40.194938,18840.299334765292,18483.399222710683,18363.71091944024,18393.654484107818,1531378.2812702118
2025-08-06 22:34:40.194938,18393.654484107818,18989.715557662475,18581.093662941104,18588.700005700222,6841155.534064817
2025-08-07 22:34:40.194938,18588.700005700222,18985.773296470117,18682.338545573242,18871.466010654083,1823211.7914973854
2025-08-08 22:34:40.194938,18871.466010654083,19281.394054592165,18997.572685605377,19139.361736910432,3643253.9474102156
2025-08-09 22:34:40.194938,19139.361736910432,19669.181625636043,19509.84519799296,19610.488887414573,1888604.4653591288
2025-08-10 22:34:40.194938,19610.488887414573,20256.69407814002,19950.6810400126,19996.392776971818,2435266.09217896
2025-08-11 22:34:40.194938,19996.392776971818,20556.071051638977,20038.764338855977,20240.02085969499,2150839.490249578
2025-08-12 22:34:40.194938,20240.02085969499,20278.825802215695,19752.892877795643,20272.337813002905,2412230.436199837
2025-08-13 22:34:40.194938,20272.337813002905,19807.843474563917,19622.168073539702,19659.723603673177,2496595.716403361
2025-08-14 22:34:40.194938,19659.723603673177,19979.103824144415,19407.814344644346,19887.62628334917,2485204.735219559
2025-08-15 22:34:40.194938,19887.62628334917,20165.64315797955,19872.74202995166,20029.89746431828,4958763.413830999
2025-08-16 22:34:40.194938,20029.89746431828,20605.460764421303,20194.89072002317,20198.781081961275,1881478.7663633458
2025-08-17 22:34:40.194938,20198.781081961275,19770.55911814302,19691.69800626955,19743.602125613157,3650120.4079971416
2025-08-18 22:34:40.194938,19743.602125613157,19446.73846327833,19371.60094676701,19375.953927807743,6010266.066434032
2025-08-19 22:34:40.194938,19375.953927807743,19878.843245982134,19733.638151411345,19842.198612893517,2529170.187424716
2025-08-20 22:34:40.194938,19842.198612893517,20153.917895272894,19651.211217457316,19886.02798435245,2283090.4750605826
2025-08-21 22:34:40.194938,19886.02798435245,20413.161522145165,19991.453466354676,20216.73290709166,2913127.1595024946
2025-08-22 22:34:40.194938,20216.73290709166,20532.38318231819,20143.690684862686,20288.833206744777,5896459.26516221
2025-08-23 22:34:40.194938,20288.833206744777,20495.529382240908,20215.5386986348,20361.774053387126,3602194.5520065264
2025-08-24 22:34:40.194938,20361.774053387126,21022.771263020815,20713.737122547194,20804.961832651996,2506487.3096489594
2025-08-25 22:34:40.194938,20804.961832651996,20763.483920188115,20648.59954082796,20652.650900659875,4163798.5375496577
2025-08-26 22:34:40.194938,20652.650900659875,21000.396568015523,20614.66411127286,20754.3118303711,1883898.6265023684
2025-08-27 22:34:40.194938,20754.3118303711,20772.972552282747,20502.6308216544,20624.690655997027,4595921.1207729895
2025-08-28 22:34:40.194938,20624.690655997027,20711.600585128836,20434.733398058033,20507.337722325232,4010007.436825106
2025-08-29 22:34:40.194938,20507.337722325232,20596.758251590472,20324.79780951597,20442.05379248621,2802705.5162673653
2025-08-30 22:34:40.194938,20442.05379248621,20887.007858892757,20573.220877567,20594.197364040952,2149416.7855623793
2025-08-31 22:34:40.194938,20594.197364040952,20765.94579941574,20141.88028744226,20458.79108408707,2098345.0883676563
2025-09-01 22:34:40.194938,20458.79108408707,21101.8649549598,20773.35881246979,21033.992501852757,4271214.0608342225
2025-09-02 22:34:40.194938,21033.992501852757,20772.725698919832,20416.668954305005,20720.751213618565,6043478.1163018
2025-09-03 22:34:40.194938,20720.751213618565,20980.479903840926,20671.356542024,20705.471050308475,2376991.3956161286
2025-09-04 22:34:40.194938,20705.471050308475,20699.993366316536,20575.01520639137,20585.49068951905,4111067.774075986
2025-09-05 22:34:40.194938,20585.49068951905,21339.82631499253,21206.159218080982,21242.982156913684,1151396.9366757276
2025-09-06 22:34:40.194938,21242.982156913684,21853.318044919273,21338.037171579024,21390.219295590257,2440445.4319136725
2025-09-07 22:34:40.194938,21390.219295590257,22036.72115081415,21846.945614547105,21895.817573040855,3218643.42950014
2025-09-08 22:34:40.194938,21895.817573040855,21508.685428797213,20993.4497375362,21310.953847324858,2074349.7551191975
2025-09-09 22:34:40.194938,21310.953847324858,21500.960010972045,21144.695035356133,21488.708626683943,2046715.3802666913
2025-09-10 22:34:40.194938,21488.708626683943,21994.432191478496,21753.780001709296,21935.515091613535,2341050.274199588
2025-09-11 22:34:40.194938,21935.515091613535,22374.25548454916,22014.665785009347,22037.420470659363,3783258.995118534
2025-09-12 22:34:40.194938,22037.420470659363,22687.775996561413,22202.22217698062,22573.141512642356,2976728.6611946705
2025-09-13 22:34:40.194938,22573.141512642356,22527.942178264468,22367.9201625163,22407.324429440858,1067558.03007937
2025-09-14 22:34:40.194938,22407.324429440858,23353.955561580802,22722.2388782376,23106.140509249984,1132173.646198014
2025-09-15 22:34:40.194938,23106.140509249984,24326.288822160393,24232.769760009713,24237.832191993686,2413449.0201507183
2025-09-16 22:34:40.194938,24237.832191993686,24337.19766287644,24078.978412804903,24134.657285755242,4109628.9106921307
2025-09-17 22:34:40.194938,24134.657285755242,24242.691077475654,23689.681258563916,23992.02024413356,827568.8445779661
2025-09-18 22:34:40.194938,23992.02024413356,25248.28610308853,24608.769255537107,24761.38890081631,2546256.786786424
2025-09-19 22:34:40.194938,24761.38890081631,26144.67859107942,25521.80355889108,25617.921071465462,2512719.2010459034
2025-09-20 22:34:40.194938,25617.921071465462,25707.39459800242,25346.09805030686,25426.883096539124,6544718.12455756
2025-09-21 22:34:40.194938,25426.883096539124,25345.436821644773,24965.361835600994,25289.482924288677,2696564.448156023
2025-09-22 22:34:40.194938,25289.482924288677,25292.647773472814,25082.162177013783,25222.82763197944,3958970.174123569
2025-09-23 22:34:40.194938,25222.82763197944,24695.963632302573,24346.635192197107,24620.279244884492,3508252.366071074
2025-09-24 22:34:40.194938,24620.279244884492,24439.540041593013,24182.0335610574,24241.790733593192,1126602.2021149534
2025-09-25 22:34:40.194938,24241.790733593192,24032.703505569396,23708.958051552956,23827.672699100505,4799890.236956207
2025-09-26 22:34:40.194938,23827.672699100505,23670.476260168038,23264.94490782133,23533.259135588458,3640742.6834954116
2025-09-27 22:34:40.194938,23533.259135588458,23626.95383510338,23214.723373190795,23587.53394413599,4214891.12972298
2025-09-28 22:34:40.194938,23587.53394413599,23835.953333010268,23527.511923615195,23768.787505046836,23280318.295430288
2025-09-29 22:34:40.194938,23768.787505046836,24638.285428804185,24377.878420387962,24577.16420236534,1153075.7903332945
2025-09-30 22:34:40.194938,24577.16420236534,24548.498757711543,23856.32862980664,24160.16147114579,7743375.989941532
2025-10-01 22:34:40.194938,24160.16147114579,24829.58113259157,24650.447459316234,24708.269717296425,2831384.1253963276
2025-10-02 22:34:40.194938,24708.269717296425,24857.991854088592,24561.567027368,24676.648644855984,3774069.6207179036
2025-10-03 22:34:40.194938,24676.648644855984,24890.17240897414,24482.13565412089,24726.266619115264,3195467.243982237
2025-10-04 22:34:40.194938,24726.266619115264,25429.103558364863,25115.07110025878,25134.16075263436,2644207.1743664653
2025-10-05 22:34:40.194938,25134.16075263436,24689.802826058567,24566.362690563652,24645.189719482874,2458553.0305312257
2025-10-06 22:34:40.194938,24645.189719482874,25230.626431839348,24869.817204824227,24907.616503547026,3854509.686004685
2025-10-07 22:34:40.194938,24907.616503547026,25165.440724360153,24855.92718622699,25065.257908424453,1530971.641586905
2025-10-08 22:34:40.194938,25065.257908424453,25552.684113206422,24856.844116496733,25387.322040943603,4757769.78458124
2025-10-09 22:34:40.194938,25387.322040943603,25745.688719028683,25198.581410429906,25610.30835680705,2654860.8415544024
2025-10-10 22:34:40.194938,25610.30835680705,27102.75352833936,26894.98125166374,26944.759155710057,1857914.779440665
2025-10-11 22:34:40.194938,26944.759155710057,27012.31610660734,26141.981466874444,26681.918427584827,2610346.6093583126
2025-10-12 22:34:40.194938,26681.918427584827,26484.236250627702,26476.803330192117,26478.603834094494,6129198.864535944
2025-10-13 22:34:40.194938,26478.603834094494,27176.835818701293,27041.67560075245,27093.16318662369,2501328.2693686183
2025-10-14 22:34:40.194938,27093.16318662369,26805.83433123554,26262.96597169769,26357.178499827296,3910699.4721880797
2025-10-15 22:34:40.194938,26357.178499827296,27123.11076078593,27009.15751965662,27057.967842899154,2268256.1131923744
2025-10-16 22:34:40.194938,27057.967842899154,28904.865105980243,27785.163206865014,28171.920994525437,4775269.284477437
2025-10-17 22:34:40.194938,28171.920994525437,28696.795196558887,27904.260429562648,28535.42461792262,4605463.478459227
2025-10-18 22:34:40.194938,28535.42461792262,30687.32902586656,29693.919700732105,30156.34729320609,8238298.737292279
2025-10-19 22:34:40.194938,30156.34729320609,29693.40600774507,29051.725886340715,29471.385792255718,2994290.980905322
2025-10-20 22:34:40.194938,29471.385792255718,28493.864880249384,28309.979465366454,28385.67051696876,4566818.740334473
2025-10-21 22:34:40.194938,28385.67051696876,27231.91041459605,26769.75530232768,26885.15834440952,3433304.5114371427
2025-10-22 22:34:40.194938,26885.15834440952,28294.441821429467,27939.828245599834,28105.24256972092,6249024.258791866
2025-10-23 22:34:40.194938,28105.24256972092,28710.725110468164,28212.829669946183,28671.028356039544,2282047.9151811795
2025-10-24 22:34:40.194938,28671.028356039544,28988.16284578677,28505.198834137107,28637.55377994252,4744528.6855362635
2025-10-25 22:34:40.194938,28637.55377994252,28952.79289241291,28307.529399673087,28892.4010546204,2965782.156076424
2025-10-26 22:34:40.194938,28892.4010546204,28168.866287715366,27550.55254048819,27931.30482703389,3165766.9657204263
2025-10-27 22:34:40.194938,27931.30482703389,30168.787847115687,29937.760078275744,29994.661801667386,3422480.854860453
2025-10-28 22:34:40.194938,29994.661801667386,30303.25226436357,29926.509164938954,30125.93750209698,3708433.833735714
2025-10-29 22:34:40.194938,30125.93750209698,30744.846029305125,30111.08135957019,30239.869093207682,3084454.8148957426
2025-10-30 22:34:40.194938,30239.869093207682,31035.408053968553,30907.482429380507,30913.401658721756,3639498.995661239
2025-10-31 22:34:40.194938,30913.401658721756,31750.154987585116,31173.681127323955,31374.947307018025,7196166.62335557
2025-11-01 22:34:40.194938,31374.947307018025,31741.86577777121,31447.190961843844,31601.365264610755,5350629.860128577
2025-11-02 22:34:40.194938,31601.365264610755,31237.13716797887,30310.80187484774,30867.76378727691,5048376.660704212
2025-11-03 22:34:40.194938,30867.76378727691,31510.77562829271,31260.00221342827,31319.792885608033,2603143.30693328
2025-11-04 22:34:40.194938,31319.792885608033,33148.15606827642,32865.52413803732,33103.791305107996,2095661.0234394874
2025-11-05 22:34:40.194938,33103.791305107996,34461.559371101335,34010.88175835238,34456.49833352924,5270576.351342929
2025-11-06 22:34:40.194938,34456.49833352924,36404.10549824136,35775.12503767719,36120.59555307006,5065803.882325499
2025-11-07 22:34:40.194938,36120.59555307006,35815.38201500534,35416.5890845496,35584.6934101838,6826586.579468527
2025-11-08 22:34:40.194938,35584.6934101838,34587.82503160284,34033.338883098324,34546.042233104636,2416932.39100165
2025-11-09 22:34:40.194938,34546.042233104636,34577.40945182758,34310.503872738496,34432.95204659716,2914549.068503956
2025-11-10 22:34:40.194938,34432.95204659716,34813.98513934796,34399.702494299985,34507.73171959958,1440150.1237713976
2025-11-11 22:34:40.194938,34507.73171959958,35813.715295658585,35657.47493781311,35657.72760653708,2686539.3785181344
2025-11-12 22:34:40.194938,35657.72760653708,34109.70816336194,33441.62169358303,33865.073187838265,5380464.438602059
2025-11-13 22:34:40.194938,33865.073187838265,35568.07272054397,35221.739946395355,35435.955729822635,2588922.4648886425
2025-11-14 22:34:40.194938,35435.955729822635,35895.07014504239,34974.36149322088,35285.698880717326,4502934.699393603
2025-11-15 22:34:40.194938,35285.698880717326,34990.736860072895,34693.89775172542,34851.45782339639,2972008.209214181
2025-11-16 22:34:40.194938,34851.45782339639,33886.65160687891,33651.75969787432,33810.684163890444,3844017.163646158
2025-11-17 22:34:40.194938,33810.684163890444,32448.853365420673,32063.557134343027,32149.03441790358,1841616.5526374541
2025-11-18 22:34:40.194938,32149.03441790358,33426.51274983477,32815.0945157452,32959.03311818045,3411302.444320223
2025-11-19 22:34:40.194938,32959.03311818045,33629.919538970134,33026.15180268267,33048.00731400115,732656.328279593
2025-11-20 22:34:40.194938,33048.00731400115,32270.55139983235,31118.202774988553,31785.612200175612,2977372.9846655396
2025-11-21 22:34:40.194938,31785.612200175612,30952.487370853563,30491.05160153859,30566.558857750886,1446653.3005901966
2025-11-22 22:34:40.194938,30566.558857750886,30440.997795306725,30165.44501198689,30273.928653948242,5974418.078226395
2025-11-23 22:34:40.194938,30273.928653948242,32618.533520080346,31598.95074686768,31804.900775630667,4822020.921059097
2025-11-24 22:34:40.194938,31804.900775630667,31751.265453554344,31338.150324529557,31573.114910848544,4128131.705278485
2025-11-25 22:34:40.194938,31573.114910848544,30220.80446120232,30110.46779745871,30165.134312717062,6993579.791941587
2025-11-26 22:34:40.194938,30165.134312717062,30419.81339269358,29763.292628379597,29957.830703836287,2034054.6827848158
2025-11-27 22:34:40.194938,29957.830703836287,30324.06876743156,29334.910079211317,29727.70342324481,7831632.9679142
2025-11-28 22:34:40.194938,29727.70342324481,27900.96136274824,26949.317336189833,27337.39988633211,5210027.969442426
2025-11-29 22:34:40.194938,27337.39988633211,27636.503182123208,27142.585269761857,27306.540171942106,2904356.3469122928
2025-11-30 22:34:40.194938,27306.540171942106,27408.851285699715,26624.601559030467,27131.012751241124,5767850.700970028
2025-12-01 22:34:40.194938,27131.012751241124,27875.43834590242,27432.047215993054,27711.241770454188,1880133.3136240456
2025-12-02 22:34:40.194938,27711.241770454188,29489.969074297125,29061.865699792077,29262.203472438974,2164593.0178623055
2025-12-03 22:34:40.194938,29262.203472438974,30432.628637440088,30026.51860328233,30265.807827762022,2411368.865927866
2025-12-04 22:34:40.194938,30265.807827762022,30282.557464063524,29445.0406495454,30036.796728614172,2509291.8654088103
2025-12-05 22:34:40.194938,30036.796728614172,29055.700752266755,28795.37865293885,29054.72031310392,1927474.5459890557
2025-12-06 22:34:40.194938,29054.72031310392,31365.58386502398,30933.04942439742,31312.295153712737,6025683.853451834
2025-12-07 22:34:40.194938,31312.295153712737,31525.81843788285,31154.239317355936,31383.57925382167,2872153.916513607
2025-12-08 22:34:40.194938,31383.57925382167,31631.137484637442,31407.902063447473,31412.38557454957,3899085.0623451015
2025-12-09 22:34:40.194938,31412.38557454957,31705.373982103185,31105.768891236887,31405.356971187273,2457915.8092517047
2025-12-10 22:34:40.194938,31405.356971187273,31635.630700542726,31479.032563244145,31607.687328346874,1315461.8119356127
2025-12-11 22:34:40.194938,31607.687328346874,31951.82825782326,31270.505832974373,31486.604209130543,3741617.9365321733
2025-12-12 22:34:40.194938,31486.604209130543,31313.939741033482,30927.682036728726,30960.467454421505,1256540.0532398887
2025-12-13 22:34:40.194938,30960.467454421505,30527.021632392785,30289.958385795457,30468.017434575737,3158737.4890774973
2025-12-14 22:34:40.194938,30468.017434575737,30671.609776495505,29851.42197719874,30453.313627053612,1649268.6094148525
2025-12-15 22:34:40.194938,30453.313627053612,30531.507353379006,29503.232178836763,29972.067734225744,8829756.534077905
2025-12-16 22:34:40.194938,29972.067734225744,29370.353454021126,28871.50124940387,29346.089905619145,5156050.106489398
2025-12-17 22:34:40.194938,29346.089905619145,29490.322355423017,29423.724801231343,29454.462281487613,3446524.519618319
2025-12-18 22:34:40.194938,29454.462281487613,29686.47447992658,28981.043652050634,29243.88300763352,6149327.835859254
2025-12-19 22:34:40.194938,29243.88300763352,30770.872287608305,30171.199727555726,30577.982799209738,2141125.131608205
2025-12-20 22:34:40.194938,30577.982799209738,28449.858195897657,28108.173503321454,28161.432514541364,4289752.896385177
2025-12-21 22:34:40.194938,28161.432514541364,29637.16277338768,28829.486464072823,29097.665127285854,3612480.512264286
2025-12-22 22:34:40.194938,29097.665127285854,30568.710725418383,30161.439267268597,30199.95904939047,3730340.374473886
2025-12-23 22:34:40.194938,30199.95904939047,28501.516548911706,27908.360550547084,28336.570025551195,6175971.463034265
2025-12-24 22:34:40.194938,28336.570025551195,28122.97070621153,27652.22909013599,28059.420580367605,4714936.712583814
2025-12-25 22:34:40.194938,28059.420580367605,28027.12562115126,27757.421840313353,27760.77782626643,3776702.4963619537
2025-12-26 22:34:40.194938,27760.77782626643,26701.465751962136,26269.28229658921,26602.44963183157,1429101.2124717708
2025-12-27 22:34:40.194938,26602.44963183157,26278.01613892813,25900.469885747676,25994.995979014453,2022766.8347916196
2025-12-28 22:34:40.194938,25994.995979014453,25615.73205035597,24918.930599261228,25141.91103788572,3074477.521879172
2025-12-29 22:34:40.194938,25141.91103788572,26884.73621298449,26364.74331964236,26476.14482149086,3425253.9987178636
2025-12-30 22:34:40.194938,26476.14482149086,27365.703891302823,26523.383034002087,27232.577593200964,1857789.9451073245
2025-12-31 22:34:40.194938,27232.577593200964,28601.709642894602,28228.75303146754,28285.025565651318,10917071.752510909
2026-01-01 22:34:40.194938,28285.025565651318,28952.275850386068,28785.275605679315,28911.543461878526,6977470.577578475
2026-01-02 22:34:40.194938,28911.543461878526,28440.941157087625,27833.733228410812,27946.72035298173,4417388.137153328
2026-01-03 22:34:40.194938,27946.72035298173,27609.87385393347,27180.836262416437,27520.935077122453,3388908.4306356525
2026-01-04 22:34:40.194938,27520.935077122453,27979.97520875856,27639.49804077211,27938.73691049948,2939927.605550939
2026-01-05 22:34:40.194938,27938.73691049948,27053.86106977803,26745.19398317813,26928.36505924561,2031003.9186687195
2026-01-06 22:34:40.194938,26928.36505924561,27956.653312723975,27189.673563436372,27517.82570220577,3398145.0230929535
2026-01-07 22:34:40.194938,27517.82570220577,27473.570923367828,26847.042960784176,27333.18764250701,3718668.641316259
2026-01-08 22:34:40.194938,27333.18764250701,27183.54247089812,26953.070547917014,27039.502812376188,1757002.363324638
2026-01-09 22:34:40.194938,27039.502812376188,27952.987696916098,27490.439095594156,27629.742685574136,3863516.0036804373
2026-01-10 22:34:40.194938,27629.742685574136,28816.3764475053,27988.968014953272,28011.803986346935,3024845.2030359656
2026-01-11 22:34:40.194938,28011.803986346935,27730.098295292617,27626.08597333305,27722.470483861292,1259337.3414020573
2026-01-12 22:34:40.194938,27722.470483861292,29209.161665246804,28560.679193253458,28700.516306748003,2126116.2033755593
2026-01-13 22:34:40.194938,28700.516306748003,28245.61945718029,27596.315195438976,27784.054295029135,2658299.613445125
2026-01-14 22:34:40.194938,27784.054295029135,28440.752056889916,28301.672964837155,28311.34197254408,8400853.18812128
2026-01-15 22:34:40.194938,28311.34197254408,29002.855594453333,28515.79765227802,28829.24241969102,4317886.318099234
2026-01-16 22:34:40.194938,28829.24241969102,28709.893998506024,28265.652652049546,28575.93736072681,1676567.6826127635
2026-01-17 22:34:40.194938,28575.93736072681,29158.044033519847,28673.678244055074,28869.81203385283,4168297.1151886187
2026-01-18 22:34:40.194938,28869.81203385283,27884.56468000898,27481.292150558973,27800.664526372406,1508080.1945272859
2026-01-19 22:34:40.194938,27800.664526372406,28804.207560712366,28394.75490750543,28585.221813863835,5617209.267642665
2026-01-20 22:34:40.194938,28585.221813863835,28789.901836492576,28309.385007244557,28440.950367248362,2582936.9807685693
2026-01-21 22:34:40.194938,28440.950367248362,28037.22098215908,27525.7845405826,28009.168657959985,3119495.679799443
2026-01-22 22:34:40.194938,28009.168657959985,28963.500675138584,28708.781979596875,28904.629532195606,6343227.864665338
2026-01-23 22:34:40.194938,28904.629532195606,28556.86014683566,27970.28575620171,28308.31804380737,1717565.1161750625
2026-01-24 22:34:40.194938,28308.31804380737,27350.63944512578,26860.18282351706,27126.337092933685,1625686.7623383834
2026-01-25 22:34:40.194938,27126.337092933685,25931.72801079483,25752.97490841796,25873.13083078903,2441688.4284296175
2026-01-26 22:34:40.194938,25873.13083078903,26453.27314000317,26234.6657968719,26356.448638882197,5494122.40698203
2026-01-27 22:34:40.194938,26356.448638882197,25588.859227810553,25158.553853002555,25357.199749258074,1529309.6192131108
2026-01-28 22:34:40.194938,25357.199749258074,26919.265505383046,26637.60544490072,26704.778346875104,793272.6012037689
2026-01-29 22:34:40.194938,26704.778346875104,25424.128408832647,24900.529295277356,25050.20683490727,2608851.3086565887
2026-01-30 22:34:40.194938,25050.20683490727,26409.03695501473,25963.010922449757,26337.62942568656,4307509.272210589
2026-01-31 22:34:40.194938,26337.62942568656,26523.19531453108,26056.416009272973,26517.52923600529,5957317.625333959
2026-02-01 22:34:40.194938,26517.52923600529,26651.51647588671,26194.90457488191,26453.850217477448,2593241.820029064
2026-02-02 22:34:40.194938,26453.850217477448,26665.76266709394,26012.408650513116,26034.620905493528,2661197.311103933
2026-02-03 22:34:40.194938,26034.620905493528,26592.407814769107,26146.325114352345,26359.37893875171,5820812.222656339
2026-02-04 22:34:40.194938,26359.37893875171,26536.90310470959,26124.035515830536,26342.797806747174,1283535.772745978
2026-02-05 22:34:40.194938,26342.797806747174,27304.490518069266,27085.621386763734,27227.890957583488,2691850.9821700547
2026-02-06 22:34:40.194938,27227.890957583488,27353.122027358735,27220.441882190098,27334.810241925614,3595565.882524359
2026-02-07 22:34:40.194938,27334.810241925614,27613.469188789586,27086.688345225513,27471.731750904204,4092265.8028100925
2026-02-08 22:34:40.194938,27471.731750904204,27610.586429651117,27008.96586751887,27185.7959021209,2533460.3497848837
2026-02-09 22:34:40.194938,27185.7959021209,27296.59882176453,26744.814862741547,27152.945436951963,3325799.006307545
2026-02-10 22:34:40.194938,27152.945436951963,27635.01921060852,27128.838502151022,27417.25364875414,942071.3777944781
2026-02-11 22:34:40.194938,27417.25364875414,26350.738933844586,25764.580179424986,26024.318657472053,2352233.343692192
2026-02-12 22:34:40.194938,26024.318657472053,25058.107358235913,24888.828295001997,24984.762605773663,4101053.116098331
2026-02-13 22:34:40.194938,24984.762605773663,25901.029138105263,25490.42622568186,25554.363295353138,2000390.5268197192
2026-02-14 22:34:40.194938,25554.363295353138,25817.994990265564,25185.281951548335,25698.131201417047,3366863.3451711405
2026-02-15 22:34:40.194938,25698.131201417047,25578.25264982718,24773.960017794143,25569.139429523788,4087467.9386492525
2026-02-16 22:34:40.194938,25569.139429523788,26009.47436978897,25440.76696968951,25596.06419338206,2754441.890789067
2026-02-17 22:34:40.194938,25596.06419338206,26177.149140579877,25828.360410168672,25875.76393476523,3559860.3890430573
2026-02-18 22:34:40.194938,25875.76393476523,25656.799272799326,25333.56400418938,25469.700994656927,2020051.809584623
2026-02-19 22:34:40.194938,25469.700994656927,25089.3937073673,24666.822809854144,24887.74018599249,2948167.5332933175
